<!DOCTYPE suite SYSTEM "http://testng.org/testng-1.0.dtd">
<suite name="Appium Demo Suite" verbose="0" parallel="tests">
    <listeners>
        <listener class-name="com.quantum.listeners.QuantumReportiumListener"/>
    </listeners>

    <!-- To use actual AppiumDriver classes defined    -->
    <!-- by driverClass property in env.resources dirs -->
    <!-- Set driver.name value to perfectoDriver       -->
    <parameter name="driver.name" value="perfectoDriver"/>

    <test name="IOS Expense Tracker Test" enabled="true">
        <parameter name="perfecto.capabilities.model" value="iPhone.*"/>
        
        <parameter name="perfecto.capabilities.app" value="PUBLIC:ExpenseTracker/Native/InvoiceApp1.0.ipa"/>
        <parameter name="perfecto.capabilities.bundleId" value="io.perfecto.expense.tracker"/>
        <parameter name="perfecto.capabilities.iOSResign" value="true"/>
        <parameter name="env.resources" value="src/main/resources/ios"/>

        <groups>
            <run>
                <include name="@expenseTracker"/>
            </run>
        </groups>
        <classes>
            <class name="com.qmetry.qaf.automation.step.client.gherkin.GherkinScenarioFactory"/>
        </classes>
    </test>

    <test name="Android Expense Tracker Test" enabled="true">
        <parameter name="perfecto.capabilities.model" value="(?!.*Tab).*"/>
        <parameter name="perfecto.capabilities.app" value="PUBLIC:ExpenseTracker/Native/ExpenseAppVer1.0.apk"/>
        <parameter name="perfecto.capabilities.appPackage" value="io.perfecto.expense.tracker"/>
        <parameter name="env.resources" value="src/main/resources/android"/>
        <groups>
            <run>
                <include name="@expenseTracker"/>
            </run>
        </groups>
        <classes>
            <class name="com.qmetry.qaf.automation.step.client.gherkin.GherkinScenarioFactory"/>
        </classes>
    </test>
    
    <test name="Android Emulator Expense Tracker Test" enabled="false">
        <parameter name="perfecto.additional.capabilities" value="{'perfecto:useVirtualDevice':true}" />
		<parameter name="perfecto.capabilities.platformName" value="Android"/>
		<parameter name="perfecto.capabilities.platformVersion" value="latest"/>
		<parameter name="perfecto.capabilities.model" value="pixel 6"/>
		<parameter name="driver.capabilities.app" value="PUBLIC:ExpenseTracker/Native/ExpenseAppVer1.0.apk"/>
		<parameter name="perfecto.capabilities.appPackage" value="io.perfecto.expense.tracker"/>
		<parameter name="env.resources" value="src/main/resources/android"/>
        <groups>
            <run>
                <include name="@appium"/>
            </run>
        </groups>
        <classes>
            <class name="com.qmetry.qaf.automation.step.client.gherkin.GherkinScenarioFactory"/>
        </classes>
    </test>
    
    <test name="iOS Simulator Expense Tracker Test" enabled="false">
        <parameter name="driver.additional.capabilities" value="{'perfecto:useVirtualDevice':true}" />
		<parameter name="driver.capabilities.platformName" value="iOS"/>
		<parameter name="driver.capabilities.platformVersion" value="latest"/>
		<parameter name="driver.capabilities.deviceName" value="iPhone 15"/>
		<parameter name="driver.capabilities.app" value="PUBLIC:ExpenseTracker/Simulators/InvoiceApp.app.zip"/>
		<parameter name="driver.capabilities.bundleId" value="io.perfecto.expense.tracker"/>
		<parameter name="env.resources" value="src/main/resources/ios"/>
        <groups>
            <run>
                <include name="@appium"/>
            </run>
        </groups>
        <classes>
            <class name="com.qmetry.qaf.automation.step.client.gherkin.GherkinScenarioFactory"/>
        </classes>
    </test>
</suite>